model,mean_preference,mode_preference,variance_preference,same_rating_ratio,cv,iqr
alpaca-13b,1.5283783783783784,1.75,0.10561358655953249,0.02702702702702703,0.21320921103912974,0.5
claude-v1,1.5578703703703705,1.75,0.10255379801097393,0.023148148148148147,0.20604031378624277,0.5
gpt-3.5-turbo,1.3872377622377623,1.25,0.09676894346911828,0.017482517482517484,0.22463513452545164,0.5
gpt-4,1.5588235294117647,1.25,0.10389273356401388,0.058823529411764705,0.20800101485427067,0.5
llama-13b,1.5746268656716418,1.75,0.1138338159946536,0.07462686567164178,0.21588547523951393,0.5
vicuna-13b-v1.2,1.528301886792453,1.75,0.09746944345555951,0.031446540880503145,0.20492507964251777,0.5
